Aakanksha Verma (Oracle) <aakanksha.verma@oracle.com> Aakanksha Verma <aakanksha.verma@oracle.com>
Abdelhak Errami (No Organization) <abdelhak.errami@yahoo.com> Abdelhak Errami <abdelhak.errami@yahoo.com>
Aditya A (Oracle) <aditya.a@oracle.com> Aditya A <aditya.a@oracle.com>
Aditya A (Oracle) <aditya.a@oracle.com> aditya <aditya.a@oracle.com>
Adrian Bunk (Debian) <bunk@debian.org> Adrian Bunk <bunk@debian.org>
Ahmad Abdullateef (Oracle) <ahmad.abdullateef@oracle.com> Ahmad Abdullateef <ahmad.abdullateef@oracle.com>
Ajo Robert (Oracle) <ajo.robert@oracle.com> Ajo Robert <ajo.robert@oracle.com>
Akhil Mohan (Oracle) <akhil.mohan@oracle.com> unknown <akhil.mohan@oracle.com>
Akhila Maddukuri (Oracle) <akhila.x.maddukuri@oracle.com> Akhila Maddukuri <akhila.x.maddukuri@oracle.com>
Akhila Mohan (Oracle) <akhila.mohan@oracle.com> Akhila Mohan (Oracle) <akhila.mohan@oracle.com>
Akira Higuchi (No Organization) <ahiguti100@gmail.com> Akira Higuchi <ahiguti100@gmail.com>
Aleksandr Kuzminsky (Percona) <aleksandr.kuzminsky@percona.com> Aleksandr Kuzminsky <aleksandr.kuzminsky@percona.com>
Aleksey Midenkov (Tempesta) <midenok@gmail.com> Aleksey Midenkov <midenok@gmail.com>
Alexander Barkov (MariaDB Corporation) <bar@mariadb.com> Alexander Barkov <bar@centos63>
Alexander Barkov (MariaDB Corporation) <bar@mariadb.com> Alexander Barkov <bar@debian>
Alexander Barkov (MariaDB Corporation) <bar@mariadb.com> Alexander Barkov <bar@localhost.localdomain>
Alexander Barkov (MariaDB Corporation) <bar@mariadb.com> Alexander Barkov <bar@mariadb.com>
Alexander Barkov (MariaDB Corporation) <bar@mariadb.com> Alexander Barkov <bar@mariadb.org>
Alexander Barkov (MariaDB Corporation) <bar@mariadb.com> Alexander Barkov <bar@mnogosearch.org>
Alexander Barkov (MySQL) <bar@mysql.com> Alexander Barkov <bar@mysql.com>
Alexander Barkov (Oracle) <alexander.barkov@oracle.com> Alexander Barkov <alexander.barkov@oracle.com>
Alexander Ivanov (Unknown) <alexi1952@yandex.ru> Alexander Ivanov <alexi1952@yandex.ru>
Alexander Kuleshov (No Organization) <kuleshovmail@gmail.com> Alexander Kuleshov <kuleshovmail@gmail.com>
Alexander Nozdrin (Oracle) <alexander.nozdrin@oracle.com> Alexander Nozdrin <alexander.nozdrin@oracle.com>
Alexander Nozdrin (Sun) <alik@sun.com> Alexander Nozdrin <alik@ibmvm>
Alexander Nozdrin (Sun) <alik@sun.com> Alexander Nozdrin <alik@sun.com>
Alexander Nozdrin (Sun) <alik@sun.com> Alexander Nozdrin <alik@sun.com> Alik <Alik@duovienna>
Alexey Botchkov (MariaDB Corporation) <holyfoot@mariadb.com> Alexey Botchkov <holyfoot@askmonty.org>
Alexey Botchkov (MariaDB Corporation) <holyfoot@mariadb.com> holyfoot <holyfoot@mariadb.com>
Alexey Botchkov (Monty Program) <holyfoot@montyprogram.com> Alexey Botchkov <holyfoot@montyprogram.com>
Alexey Botchkov (MySQL) <holyfoot@mysql.com> Alexey Botchkov <holyfoot@mysql.com>
Alexey Kopytov (No Organization) <akopytov@gmail.com> Alexey Kopytov <akopytov@gmail.com>
Alexey Kopytov (Sun) <alexey.kopytov@sun.com> Alexey Kopytov <Alexey.Kopytov@Sun.com>
Alexey Kopytov (Sun) <alexey.kopytov@sun.com> Alexey Kopytov <Alexey.Kopytov@sun.com>
Alexey Yurchenko (Codership) <alexey.yurchenko@galeracluster.com> Alexey Yurchenko <alexey.yurchenko@galeracluster.com>
Alexey Yurchenko (Codership) <ayurchen@galeracluster.com>  <>
Alexey Yurchenko (Codership) <ayurchen@gmail.com> Alexey Yurchenko <ayurchen@gmail.com>
Alfranio Correia (Oracle) <alfranio.correia@oracle.com> Alfranio Correia <alfranio.correia@oracle.com>
Alfranio Correia (Sun) <alfranio.correia@sun.com> Alfranio Correia <alfranio.correia@sun.com>
Alice Sherepa (Unknown) <alice.sherepa@gmail.com> Alice Sherepa <alice.sherepa@gmail.com>
Allen Lai (Oracle) <zheng.lai@oracle.com> Allen Lai <zheng.lai@oracle.com>
Andrei Elkin (MariaDB Corporation) <andrei.elkin@mariadb.com> Andrei Elkin <andrei.elkin@mariadb.com>
Andrei Elkin (MariaDB Corporation) <andrei.elkin@mariadb.com> andrelkin <andrei.elkin@mariadb.com>
Andrei Elkin (MariaDB Corporation) <andrei.elkin@pp.inet.fi> Andrei Elkin <andrei.elkin@pp.inet.fi>
Andrei Elkin (MySQL) <aelkin@mysql.com> Andrei Elkin <aelkin@mysql.com>
Andrei Elkin (Oracle) <andrei.elkin@oracle.com> Andrei Elkin <andrei.elkin@oracle.com>
Andrew McDonnell (No Organization) <andrew@atlantis4.andrewmcdonnell.net> andrew <andrew@atlantis4.andrewmcdonnell.net>
Andrew McDonnell (No Organization) <bugs@andrewmcdonnell.net> Andrew McDonnell <bugs@andrewmcdonnell.net>
Andrii Nikitin (MariaDB Corporation) <andrii.nikitin@mariadb.com> Andrii Nikitin <andrii.nikitin@mariadb.com>
Anel Husakovic (MariaDB Foundation) <anel@mariadb.org> Anel Husakovic <anel@mariadb.org>
Anel Husakovic (MariaDB Foundation) <anelhusakovic88@gmail.com> Anel Husakovic <anelhusakovic88@gmail.com>
Anil Toshniwal (Oracle) <anil.toshniwal@oracle.com> Anil Toshniwal <anil.toshniwal@oracle.com>
Anirudh Mangipudi (Oracle) <anirudh.mangipudi@oracle.com> Anirudh Mangipudi <anirudh.mangipudi@oracle.com>
Anitha Gopi (Oracle) <anitha.gopi@oracle.com> Anitha Gopi <anitha.gopi@oracle.com>
Anitha Gopi (Sun) <anitha.gopi@sun.com> Anitha Gopi <anitha.gopi@sun.com>
Annamalai Gurusami (Oracle) <annamalai.gurusami@oracle.com> Annamalai Gurusami <annamalai.gurusami@oracle.com>
Anton Blanchard (IBM) <anton@au.ibm.com> Anton Blanchard <anton@au.ibm.com>
Anton Blanchard (Samba) <anton@samba.org> Anton Blanchard <anton@samba.org>
Antony T Curtis (Blizzard) <atcurtis@gmail.com> Antony T Curtis <atcurtis@gmail.com>
Antony T Curtis (No Organization) <antony@xiphis.org> Antony T Curtis <antony@xiphis.org>
Anurag Shekhar (Sun) <anurag.shekhar@sun.com> Anurag Shekhar <anurag.shekhar@sun.com>
Anushree Prakash B (Oracle) <anushree.prakash.b@oracle.com> Anushree Prakash B <anushree.prakash.b@oracle.com>
Arjen Lentz (Open Query) <arjen@openquery.com> Arjen Lentz <arjen@openquery.com>
Arun Kuruvila (Oracle) <arun.kuruvila@oracle.com> Arun Kuruvila <arun.kuruvila@oracle.com>
Ashish Agarwal (Oracle) <ashish.y.agarwal@oracle.com> Ashish Agarwal <ashish.y.agarwal@oracle.com>
Ashutosh Parida (Qualcomm) <aparida.qdt@qualcommdatacenter.com> Ashutosh Parida <aparida.qdt@qualcommdatacenter.com>
Astha Pareek (Oracle) <astha.pareek@oracle.com> Astha Pareek <astha.pareek@oracle.com>
Atanu Ghosh (Oracle) <atanu.ghosh@oracle.com> Atanu Ghosh <atanu.ghosh@oracle.com>
Axel Schwenke (MySQL) <axel@mysql.com> Axel Schwenke <axel@mysql.com>
Balasubramanian Kandasamy (Oracle) <balasubramanian.kandasamy@oracle.com> Bala <balasubramanian.kandasamy@oracle.com>
Balasubramanian Kandasamy (Oracle) <balasubramanian.kandasamy@oracle.com> Balasubramanian Kandasamy <balasubramanian.kandasamy@oracle.com>
Balasubramanian Kandasamy (Oracle) <balasubramanian.kandasamy@oracle.com> balasubramanian.kandasamy@oracle.com <>
Balasubramanian Kandasamy (Oracle) <balasubramanian.kandasamy@oracle.com> unknown <balasubramanian.kandasamy@oracle.com>
Barry Perlman (Tokutek) <barry@tokutek.com> Barry Perlman <barry@tokutek.com>
Ben Rubson (No Organization) <ben.rubson@gmail.com> benrubson <ben.rubson@gmail.com>
Bernard Spil (FreeBSD) <Sp1l@users.noreply.github.com> Bernard Spil <Sp1l@users.noreply.github.com>
Bernard Spil (FreeBSD) <brnrd@FreeBSD.org> Bernard Spil <brnrd@FreeBSD.org>
Bernd Kuhls (No Organization) <bernd.kuhls@t-online.de> Bernd Kuhls <bernd.kuhls@t-online.de>
Bernd Ocklin (Sun) <bernhard.ocklin@sun.com> Bernd Ocklin <bernhard.ocklin@sun.com>
Bernt M. Johnsen (Sun) <bernt.johnsen@sun.com> Bernt M. Johnsen <bernt.johnsen@sun.com>
Bharathy Satish (Oracle) <bharathy.x.satish@oracle.com> Bharathy Satish <bharathy.x.satish@oracle.com>
Bill Qu (Oracle) <bill.qu@Oracle.com> Bill Qu <bill.qu@Oracle.com>
Bin Su (Oracle) <bin.x.su@oracle.com> Bin Su <bin.x.su@oracle.com>
Bin Su (Oracle) <bin.x.su@oracle.com> bin.x.su@oracle.com <>
Bin Su (Oracle) <bin.x.su@oracle.com> unknown <bin.x.su@oracle.com>
Bjorn Munch (Oracle) <bjorn.bunch@oracle.com> Bjorn Munch <bjorn.bunch@oracle.com>
Bjorn Munch (Oracle) <bjorn.munch@oracle.com> Bjorn Munch <bjorn.munch@oracle.com>
Bjorn Munch (Oracle) <bjorn.munch@oracle.com> unknown <bjorn.munch@oracle.com>
Bjorn Munch (Sun) <Bjorn.Munch@sun.com> Bjorn Munch <Bjorn.Munch@sun.com>
Bjorn Munch (Sun) <bjorn.munch@sun.com> Bjorn Munch <bjorn.munch@sun.com>
Bo Thorsen (Canonical) <bo.thorsen@canonical.com> Bo Thorsen <bo.thorsen@canonical.com>
Bo Thorsen (Monty Program) <bo@askmonty.org> Bo Thorsen <bo@askmonty.org>
Bo Thorsen (Monty Program) <bo@askmonty.org> bo.thorsen <bo@sonofthor.dk>
BohuTANG (No Organization) <overred.shuttler@gmail.com> BohuTANG <overred.shuttler@gmail.com>
Bradley C. Kuszmaul (Tokutek) <bradley@tokutek.com> Bradley C. Kuszmaul <bradley@tokutek.com>
Brave Galera Crew (Codership) <devel@codership.com> Brave Galera Crew <devel@codership.com>
Buggynours (No Organization) <bertrandop@gmail.com> Buggynours <bertrandop@gmail.com>
Build Team (Oracle) <MYSQL-RE_WW@oracle.com> Build Team <MYSQL-RE_WW@oracle.com>
Build Team (Oracle) <MYSQL-RE_WW@oracle.com> Build Team <bteam@helheim>
C.J. Adams-Collier (Unknown) <cjac@dev0> C.J. Adams-Collier <cjac@dev0>
Calvin Sun (Oracle) <calvin.sun@oracle.com> Calvin Sun <calvin.sun@oracle.com>
Calvin Sun (Oracle) <calvin.sun@oracle.com> csun <>
Calvin Sun (Oracle) <calvin.sun@oracle.com> csun <Unknown>
Chad MILLER (MySQL) <chad@mysql.com> Chad MILLER <chad@mysql.com>
Chad MILLER (MySQL) <chad@mysql.com> Chad MILLER <cmiller@hypatia>
Chaithra Gopalareddy (Oracle) <chaithra.gopalareddy@oracle.com> Chaithra Gopalareddy <chaithra.gopalareddy@oracle.com>
Chaithra Reddy (Oracle) <chaithra.gopalareddy@oracle.com> Chaithra Reddy <chaithra.gopalareddy@oracle.com>
Chris Calender (MariaDB Corporation) <chris@mariadb.com> Chris Calender <chris@mariadb.com>
Christian Hammers (Debian) <ch@debian.org> Christian Hammers <ch@debian.org>
Christian Hesse (No Organization) <mail@eworm.de> Christian Hesse <mail@eworm.de>
Christian Loos (No Organization) <cloos@netcologne.de> Christian Loos <cloos@netcologne.de>
Christian Rober (Tokutek) <christian@tokutek.com> Christian Rober <christian@tokutek.com>
Christoffer Hall (MySQL) <hall@mysql.com> Christoffer Hall <hall@mysql.com>
Christopher Powers (Oracle) <chris.powers@oracle.com> Christopher Powers <chris.powers@oracle.com>
Christopher Powers (Sun) <christopher.powers@sun.com> Christopher Powers <christopher.powers@sun.com>
Chuck Bell (Oracle) <chuck.bell@oracle.com> Chuck Bell <chuck.bell@oracle.com>
Chuck Bell (Oracle) <chuck.bell@oracle.com> chuck.bell@oracle.com <>
Chuck Bell (Oracle) <chuck.bell@oracle.com> unknown <chuck.bell@oracle.com>
Craig Andrews (Integral Blue) <candrews@integralblue.com> Craig Andrews <candrews@integralblue.com>
Damien Ciabrini (No Organization) <damien.ciabrini@gmail.com> Damien Ciabrini <damien.ciabrini@gmail.com>
Dan Ungureanu (No Organization) <udan1107@gmail.com> Dan Ungureanu <udan1107@gmail.com>
Daniel Axtens (No Organization) <dja@axtens.net> Daniel Axtens <dja@axtens.net>
Daniel Bartholomew (MariaDB Corporation) <dbart@mariadb.com> Daniel Bartholomew <daniel@gandalf>
Daniel Bartholomew (MariaDB Corporation) <dbart@mariadb.com> Daniel Bartholomew <daniel@mariadb.com>
Daniel Bartholomew (MariaDB Corporation) <dbart@mariadb.com> Daniel Bartholomew <db@dbart.us>
Daniel Bartholomew (MariaDB Corporation) <dbart@mariadb.com> Daniel Bartholomew <dbart@users.noreply.github.com>
Daniel Bartholomew (Monty Program) <dbart@askmonty.org> Daniel Bartholomew (Monty Program) <dbart@askmonty.org>
Daniel Black (IBM) <daniel.black@au.ibm.com> Daniel Black <daniel.black@au.ibm.com>
Daniel Black (IBM) <daniel.black@au.ibm.com> Daniel Black <daniel.black@au1.ibm.com>
Daniel Black (IBM) <daniel.black@au.ibm.com> Daniel Black <daniel@linux.vnet.ibm.com>
Daniel Black (IBM) <daniel.black@au.ibm.com> Daniel Black <danielgb@au.ibm.com>
Daniel Black (IBM) <daniel.black@au.ibm.com> Daniel Black <grooverdan@users.sourceforge.net>
Daniel Black (IBM) <daniel@linux.ibm.com> Daniel Black <daniel@linux.ibm.com>
Daniel Black (Open Query) <daniel.black@openquery.com> Daniel Black <daniel.black@openquery.com>
Daniel Blanchard (Oracle) <daniel.blanchard@oracle.com> Daniel Blanchard <daniel.blanchard@oracle.com>
Daniel Dent (No Organization) <DanielDent@users.noreply.github.com> Daniel Dent <DanielDent@users.noreply.github.com>
Daniel Fischer (Oracle) <daniel.fischer@oracle.com> Daniel Fischer <daniel.fischer@oracle.com>
Daniel Fischer (Sun) <df@sun.com> Daniel Fischer <df@sun.com>
Daniel Fischer (Sun) <df@sun.com> unknown <df@sun.com>
Daniele Sciascia (Codership) <daniele.sciascia@galeracluster.com>  <>
Daniele Sciascia (Codership) <daniele.sciascia@galeracluster.com> Daniele Sciascia <daniele.sciascia@galeracluster.com>
Dao-Gang Qu (Sun) <Dao-Gang.Qu@sun.com>   <Dao-Gang.Qu@sun.com>
Dao-Gang Qu (Sun) <Dao-Gang.Qu@sun.com> unknown <Dao-Gang.Qu@sun.com>
Darshan M N (Oracle) <darshan.m.n@oracle.com> Darshan M N <darshan.m.n@oracle.com>
Dave Wells (Tokutek) <wells@tokutek.com> Dave Wells <wells@tokutek.com>
Davi Arnaut (Oracle) <davi.arnaut@oracle.com> Davi Arnaut <davi.arnaut@oracle.com>
Davi Arnaut (Sun) <Davi.Arnaut@Sun.COM> Davi Arnaut <Davi.Arnaut@Sun.COM>
David Carlier (No Organization) <devnexen@gmail.com> David Carlier <devnexen@gmail.com>
Debarun Banerjee (Oracle) <debarun.banerjee@oracle.com> Debarun Banerjee <debarun.banerjee@oracle.com>
Deepa Dixit (Oracle) <deepa.dixit@oracle.com> Deepa Dixit <deepa.dixit@oracle.com>
Deepthi Eranti_Sreenivas (Oracle) <deepthi.e.s@oracle.com> Deepthi Eranti_Sreenivas <deepthi.e.s@oracle.com>
DevilSatan (No Organization) <2530212445@qq.com> DevilSatan <2530212445@qq.com>
Diego Dupin (MariaDB Corporation) <diego.dupin@mariadb.com> Diego <diego.dupin@mariadb.com>
Dimitri John Ledkov (Ubuntu) <xnox@ubuntu.com> Dimitri John Ledkov <xnox@ubuntu.com>
Dinar Valeev (SUSE) <dvaleev@suse.com> Dinar Valeev <dvaleev@suse.com>
Dmitry Lenev (MySQL) <dlenev@mysql.com> Dmitry Lenev <dlenev@mysql.com>
Dmitry Lenev (Oracle) <Dmitry.Lenev@oracle.com> Dmitry Lenev <Dmitry.Lenev@oracle.com>
Dmitry Shulga (Oracle) <Dmitry.Shulga@oracle.com> Dmitry Shulga <Dmitry.Shulga@oracle.com>
Dmitry Shulga (Sun) <Dmitry.Shulga@Sun.COM> Dmitry Shulga <Dmitry.Shulga@Sun.COM>
Don Lewis (FreeBSD) <truckman@FreeBSD.org> Don Lewis <truckman@FreeBSD.org>
Dyre Tjeldvoll (Oracle) <Dyre.Tjeldvoll@oracle.com> Dyre Tjeldvoll <Dyre.Tjeldvoll@oracle.com>
Elena Stepanova (MariaDB Corporation) <elenst@mariadb.com> Elena Stepanova <elenst@gmail.com>
Elena Stepanova (MariaDB Corporation) <elenst@mariadb.com> Elena Stepanova <elenst@jessie.home>
Elena Stepanova (MariaDB Corporation) <elenst@mariadb.com> Elena Stepanova <elenst@linux-0bhr.suse>
Elena Stepanova (MariaDB Corporation) <elenst@mariadb.com> Elena Stepanova <elenst@mariadb.com>
Elena Stepanova (MariaDB Corporation) <elenst@mariadb.com> Elena Stepanova <elenst@montyprogram.com>
Elena Stepanova (MariaDB Corporation) <elenst@mariadb.com> Elena Stepanova <elenst@opensuse.home>
Elena Stepanova (MariaDB Corporation) <elenst@mariadb.com> Elena Stepanova <elenst@ubuntu11.home>
Elena Stepanova (MariaDB Corporation) <elenst@mariadb.com> Elena Stepanova <elenst@wheezy-64.home>
Elena Stepanova (MariaDB Corporation) <elenst@mariadb.com> elenst <elenst@gmail.com>
Elena Stepanova (MariaDB Corporation) <elenst@mariadb.com> elenst <elenst@users.noreply.github.com>
Eric Herman (Booking.com) <eric@freesa.org> Eric Herman <eric@freesa.org>
Erlend Dahl (Oracle) <erlend.dahl@oracle.com> Erlend Dahl <erlend.dahl@oracle.com>
Eugene Kosov (Tempesta) <claprix@yandex.ru> Eugene Kosov <claprix@yandex.ru>
Eugene Kosov (Tempesta) <claprix@yandex.ru> kevg <claprix@yandex.ru>
Eugene Kosov (Tempesta) <claprix@yandex.ru> kevgs <claprix@yandex.ru>
Evgeny Potemkin (MySQL) <epotemkin@mysql.com> Evgeny Potemkin <epotemkin@mysql.com>
Evgeny Potemkin (Oracle) <evgeny.potemkin@oracle.com> Evgeny Potemkin <evgeny.potemkin@oracle.com>
FaramosCZ (No Organization) <mschorm@centrum.cz> FaramosCZ <mschorm@centrum.cz>
Faustin Lammler (MariaDB Foundation) <faustin@fala.red> faust <faustin@fala.red>
Faustin Lammler (MariaDB Foundation) <faustin@falared.net> Faustin Lammler <faustin@falared.net>
Faustin Lammler (MariaDB Foundation) <faustin@mariadb.org> Faustin Lammler <faustin@mariadb.org>
Francisco Biete (OpenJaw) <Francisco.Biete@openjawtech.com> Francisco Biete <Francisco.Biete@openjawtech.com>
Frazer Clement (MySQL) <frazer@mysql.com> Frazer Clement <frazer@mysql.com>
Fredrik Fornwall (No Organization) <fredrik@fornwall.net> Fredrik Fornwall <fredrik@fornwall.net>
Galina Shalygina (MariaDB Corporation) <galashalygina@gmail.com> Galina Shalygina <galashalygina@gmail.com>
Galina Shalygina (MariaDB Corporation) <galina.shalygina@mariadb.com> Galina Shalygina <galina.shalygina@mariadb.com>
Geoff Montee (MariaDB Corporation) <geoff.montee@gmail.com> Geoff Montee <geoff.montee@gmail.com>
Georg Richter (MariaDB Corporation) <georg@mariadb.com> Georg Richter <georg@mariadb.com>
Georgi Kodinov (MySQL) <gkodinov@mysql.com> Georgi Kodinov <gkodinov@mysql.com>
Georgi Kodinov (MySQL) <kgeorge@mysql.com> Georgi Kodinov <kgeorge@mysql.com>
Georgi Kodinov (Oracle) <Georgi.Kodinov@Oracle.com> Georgi Kodinov <Georgi.Kodinov@Oracle.com>
Georgi Kodinov (Oracle) <Georgi.Kodinov@oracle.com> Georgi Kodinov <Georgi.Kodinov@oracle.com>
Georgi Kodinov (Oracle) <georgi.kodinov@oracle.com> Georgi Kodinov <georgi.kodinov@oracle.com>
Georgi Kodinov (Sun) <joro@sun.com> Georgi Kodinov <joro@sun.com>
Gipson Pulla (Oracle) <gipson.pulla@oracle.com> Gipson Pulla <gipson.pulla@oracle.com>
GitHub (Github) <noreply@github.com> GitHub <noreply@github.com>
Gleb Shchepa (MySQL) <gshchepa@mysql.com> Gleb Shchepa <gshchepa@mysql.com>
Gleb Shchepa (Oracle) <gleb.shchepa@oracle.com> Gleb Shchepa <gleb.shchepa@oracle.com>
Gopal Shankar (Oracle) <gopal.shankar@oracle.com> Gopal Shankar <gopal.shankar@oracle.com>
Gopal Shankar (Oracle) <gopal.shankar@oracle.com> gopal.shankar@oracle.com <>
Gopal Shankar (Oracle) <gopal.shankar@oracle.com> unknown <gopal.shankar@oracle.com>
Guangbao Ni (MySQL) <gni@mysql.com> Guangbao Ni <gni@mysql.com>
Guido Günther (No Organization) <agx@sigxcpu.org> Guido Günther <agx@sigxcpu.org>
Guilhem Bichot (MySQL) <guilhem@mysql.com> Guilhem Bichot <guilhem@mysql.com>
Guilhem Bichot (Oracle) <guilhem.bichot@oracle.com> Guilhem Bichot <guilhem.bichot@oracle.com>
Hakan Kuecuekyilmaz (Monty Program) <hakan@askmonty.org> Hakan Kuecuekyilmaz <hakan@askmonty.org>
Harin Vadodaria (Oracle) <harin.vadodaria@oracle.com> Harin Vadodaria <harin.vadodaria@oracle.com>
Hartmut Holzgraefe (MariaDB Corporation) <hartmut@mariadb.com> Hartmut Holzgraefe <hartmut@mariadb.com>
Hartmut Holzgraefe (MariaDB Corporation) <hartmut@mariadb.com> Hartmut Holzgraefe <hartmut@php.net>
He Zhenxing (GreatOpenSource Inc) <hezx@greatopensource.com> He Zhenxing <hezx@greatopensource.com>
He Zhenxing (Sun) <zhenxing.he@sun.com> He Zhenxing <zhenxing.he@sun.com>
Heinz Wiesinger (No Organization) <heinz@m2mobi.com> Heinz Wiesinger <heinz@m2mobi.com>
Hemant Kumar (Oracle) <hemant.hk.kumar@oracle.com> Hemant Kumar <hemant.hk.kumar@oracle.com>
Hery Ramilison (Oracle) <hery.ramilison@oracle.com> Hery Ramilison <hery.ramilison@oracle.com>
Hery Ramilison (Oracle) <hery.ramilison@oracle.com> hery.ramilison@oracle.com <>
Hery Ramilison (Oracle) <hery.ramilison@oracle.com> unknown <hery.ramilison@oracle.com>
Hery Ramilison (Oracle) <hery.ramilison@oracle.com> unknown <hery.ramilison@oracle>
Hery Ramilison (Sun) <hery.ramilison@sun.com> Hery Ramilison <hery.ramilison@sun.com>
Hery Ramilison (Sun) <hery.ramilison@sun.com> hery (Sun) <hery.ramilison@sun.com> hery <hery.ramilison@sun.com>
Hery Ramilison (Sun) <hery.ramilison@sun.com> unknown <hery.ramilison@sun.com>
Holzboote (No Organization) <holzboote@googlemail.com> unknown <holzboote@googlemail.com>
Honza Horak (Red Hat) <hhorak@redhat.com> Honza Horak <hhorak@redhat.com>
Horst Hunger (MySQL) <horst@mysql.com> Horst Hunger <horst@mysql.com>
Horst Hunger (Oracle) <horst.hunger@oracle.com> Horst Hunger <horst.hunger@oracle.com>
Horst Hunger (Sun) <horst.hunger@sun.com> Horst.Hunger <horst.hunger@sun.com>
Howard Su (Microsoft) <howard0su@gmail.com> Howard Su <howard0su@gmail.com>
Hyeonseok Oh (No Organization) <hyeonso5@gmail.com> Hyeonseok Oh <hyeonso5@gmail.com>
Ian Gilfillan (MariaDB Foundation) <github@greenman.co.za> iangilfillan <github@greenman.co.za>
Ian Gilfillan (MariaDB Foundation) <ian@mariadb.org> Ian Gilfillan <github@greenman.co.za>
Ian Gilfillan (MariaDB Foundation) =Ian Gilfillan <github@greenman.co.za>
Ignacio Galarza (MySQL) <iggy@mysql.com> Ignacio Galarza <iggy@mysql.com>
Ignacio Galarza (Sun) <ignacio.galarza@sun.com> Ignacio Galarza <ignacio.galarza@sun.com>
Igor Babaev (MariaDB Corporation) <igor@mariadb.com> Igor Babaev <igor@askmonty.org>
Igor Babaev (MySQL) <igor@mysql.com> Igor Babaev <igor@mysql.com>
Igor Babaev (MySQL) <igor@mysql.com> Igor Babaev <igor@sophia>
Igor Mazur (Grammarly) <igor.mazur@grammarly.com> Igor Mazur <igor.mazur@grammarly.com>
Igor Pashev (No Organization) <pashev.igor@gmail.com> Igor Pashev <pashev.igor@gmail.com>
Igor Solodovnikov (Oracle) <igor.solodovnikov@oracle.com> Igor Solodovnikov <igor.solodovnikov@oracle.com>
Inaam Rana (Oracle) <inaam.rana@Oracle.Com> Inaam Rana <Unknown>
Inaam Rana (Oracle) <inaam.rana@Oracle.Com> Inaam Rana <inaam.rana@Oracle.Com>
Inaam Rana (Oracle) <inaam.rana@Oracle.Com> inaam <>
Inaam Rana (Oracle) <inaam.rana@Oracle.Com> inaam <Unknown>
Inaam Rana (Oracle) <inaam.rana@Oracle.Com>irana <irana@dscczz01.us.oracle.com>
Inaam Rana (Oracle) <inaam.rana@oracle.com> Inaam Rana <inaam.rana@oracle.com>
Ingo Struewing (Oracle) <ingo.struewing@oracle.com> Ingo Struewing <ingo.struewing@oracle.com>
Ingo Struewing (Sun) <ingo.struewing@sun.com> Ingo Struewing <ingo.struewing@sun.com>
Ivo Roylev (Oracle) <ivo.roylev@oracle.com> Ivo Roylev <ivo.roylev@oracle.com>
Jacob Mathew (MariaDB Corporation) <jacob.mathew@mariadb.com> Jacob Mathew <jacob.mathew@mariadb.com>
Jakub Dorňák (Red Hat) <jdornak@redhat.com> Jakub Dorňák <jdornak@redhat.com>
James Clarke (Debian) <jrtc27@debian.org> James Clarke <jrtc27@debian.org>
James Le Cuirot (No Organization) <chewi@aura-online.co.uk> James Le Cuirot <chewi@aura-online.co.uk>
James Taylor (No Organization) <james@jtaylor.id.au> James Taylor <james@jtaylor.id.au>
Jan Lindström (MariaDB Corporation) <jan.lindstrom@mariadb.com> Jan Lindström <jan.lindstrom@mariadb.com>
Jan Lindström (MariaDB Corporation) <jplindst@mariadb.org> Jan Lindström <jplindst@mariadb.org>
Jan Lindström (SkySQL) <jan.lindstrom@skysql.com> Jan Lindström <jan.lindstrom@skysql.com>
Jan Wedvik (Sun) <jan.wedvik@sun.com> Jan Wedvik <jan.wedvik@sun.com>
Jani Tolonen (No Organization) <jani.k.tolonen@gmail.com> Jani Tolonen <jani.k.tolonen@gmail.com>
Jani Tolonen (No Organization) <jani.k.tolonen@gmail.com> jani <jani@work>
Jean Weisbuch (No Organization) <jean@phpnet.org> Jean Weisbuch <jean@phpnet.org>
Jia Zhouyang (No Organization) <jiazhouyang@nudt.edu.cn> Jia Zhouyang <jiazhouyang@nudt.edu.cn>
Jiaye Wu (Microsoft) <t-jiaywu@microsoft.com> Jiaye Wu <t-jiaywu@microsoft.com>
Jim Winstead (MySQL) <jimw@mysql.com> Jim Winstead <jimw@mysql.com>
Jimmy Hedman (Unknown) <jimmy.hedman@gmail.com> Jimmy Hedman <jimmy.hedman@gmail.com>
Jimmy Yang (Oracle) <jimmy.yang@oracle.com> Jimmy Yang <jimmy.yang@oracle.com>
Jimmy Yang (Oracle) <jimmy.yang@oracle.com> jyang <>
Jimmy Yang (Oracle) <jimmy.yang@oracle.com> jyang <Unknown>
Jimmy Yang (Oracle) <jimmy.yang@oracle.com> jyang <jyang@dscczz02.us.oracle.com>
Joao Gamacho (Oracle) <joao.gramacho@oracle.com> Joao Gramacho <joao.gramacho@oracle.com>
Joel Epstein (Tokutek) <joel9001@hotmail.com> joel9001 <joel9001@hotmail.com>
Joel Epstein (Tokutek) <joel@tokutek.com> Joel Epstein <joel@tokutek.com>
Joerg Bruehe (MySQL) <joerg@mysql.com> Joerg Bruehe <joerg@mysql.com>
Joerg Bruehe (MySQL) <joerg@mysql.com> joerg.bruehe@sun.com <>
Joerg Bruehe (Oracle) <joerg.bruehe@oracle.com> Joerg Bruehe <joerg.bruehe@oracle.com>
Joerg Bruehe (Oracle) <joerg.bruehe@oracle.com> joerg.bruehe@oracle.com <>
Joerg Bruehe (Oracle) <joerg.bruehe@oracle.com> unknown <joerg.bruehe@oracle.com>
Joerg Bruehe (Sun) <Joerg.Bruehe@Sun.COM> unknown <Joerg.Bruehe@Sun.COM>
Joerg Bruehe (Sun) <joerg.bruehe@sun.com> unknown <joerg.bruehe@sun.com>
John Esmet (Tokutek) <esmet@tokutek.com> John Esmet <esmet@tokutek.com>
John Esmet (Tokutek) <john.esmet@gmail.com> John Esmet <john.esmet@gmail.com>
John H. Embretsen (Oracle) <john.embretsen@oracle.com> John H. Embretsen <john.embretsen@oracle.com>
John H. Embretsen (Sun) <john.embretsen@sun.com> John H. Embretsen <john.embretsen@sun.com>
Jon Olav Hauglid (Oracle) <jon.hauglid@oracle.com> Jon Olav Hauglid <jon.hauglid@oracle.com>
Jon Olav Hauglid (Sun) <jon.hauglid@sun.com> Jon Olav Hauglid <jon.hauglid@sun.com>
Jonas Oreland (Google) <jonaso@google.com> Jonas Oreland <jonaso@google.com>
Jonathan Perkin (Oracle) <jonathan.perkin@oracle.com> Jonathan Perkin <jonathan.perkin@oracle.com>
Jonathan Perkin (Sun) <jperkin@sun.com> Jonathan Perkin <jperkin@sun.com>
Jonathan Perkin (Sun) <jperkin@sun.com> jperkin@sun.com <>
Jonathan Perkin (Sun) <jperkin@sun.com> unknown <jperkin@sun.com>
Jorgen Loland (Oracle) <jorgen.loland@oracle.com> Jorgen Loland <jorgen.loland@oracle.com>
Jorgen Loland (Sun) <jorgen.loland@sun.com> Jorgen Loland <jorgen.loland@sun.com>
Julien Del-Piccolo (No Organization) <jdel@users.noreply.github.com> Julien Del-Piccolo <jdel@users.noreply.github.com>
Julien Pivotto (No Organization) <roidelapluie@inuits.eu> Julien Pivotto <roidelapluie@inuits.eu>
Julius Goryavsky (No Organization) <sysprg@gmail.com> Julius Goryavsky <sysprg@gmail.com>
Jun Su (Microsoft) <junsu@microsoft.com> Jun Su <junsu@microsoft.com>
Jérôme Brauge (No Organization) <j.brauge@qualiac.com> Jerome Brauge <j.brauge@qualiac.com>
Jérôme Brauge (No Organization) <j.brauge@qualiac.com> halfspawn <j.brauge@qualiac.com>
Kailasnath Nagarkar (Oracle) <kailasnath.nagarkar@oracle.com> Kailasnath Nagarkar <kailasnath.nagarkar@oracle.com>
Karen Langford (Oracle) <karen.langford@oracle.com> Karen Langford <karen.langford@oracle.com>
Karen Langford (Oracle) <karen.langford@oracle.com> karen.langford@oracle.com <>
Karen Langford (Oracle) <karen.langford@oracle.com> unknown <karen.langford@oracle.com>
Karen Langford (Sun) <karen.langford@sun.com> karen.langford@sun.com <>
Karen Langford (Sun) <karen.langford@sun.com> unknown <karen.langford@sun.com>
Karim Geiger (TYVR) <karim@tyvr.net> Karim Geiger <karim@tyvr.net>
Karthik Kamath (Oracle) <karthik.kamath@oracle.com> Karthik Kamath <karthik.kamath@oracle.com>
Kelly Long (Sun) <k.long@sun.com> Kelly Long <k.long@sun.com>
Kenny John Jacob (No Organization) <johnjacobkenny@gmail.com> Kenny John Jacob <johnjacobkenny@gmail.com>
Kent Boort (Sun) <kent.boort@sun.com> unknown <kent.boort@sun.com>
Kent Boortz (Oracle) <kent.boort@oracle.com> kent.boortz@oracle.com <>
Kent Boortz (Oracle) <kent.boortz@oracle.com> Kent Boortz <kent.boortz@oracle.com>
Kent Boortz (Oracle) <kent.boortz@oracle.com> unknown <kent.boortz@oracle.com>
Kent Boortz (Sun) <Kent.Boortz@Sun.COM> Kent Boortz <Kent.Boortz@Sun.COM>
Kent Boortz (Sun) <kent.boort@sun.com> Kent Boortz <kent.boort@sun.com>
Kent Boortz (Sun) <kent.boort@sun.com> kent.boort@sun.com <>
Kent Boortz (Sun) <kent.boort@sun.com> kent.boortz@sun.com <>
Kent Boortz (Sun) <kent.boortz@sun.com> Kent Boortz <kent.boortz@sun.com>
Kent Boortz (Sun) <kent.boortz@sun.com> Kent Boortz <kent@kent-amd64>
Kent Boortz (Sun) <kent.boortz@sun.com> unknown <kent.boortz@sun.com>
Kentoku Shiba (No Organization) <kentokushiba@gmail.com> Kentoku <kentokushiba@gmail.com>
Kentoku Shiba (No Organization) <kentokushiba@gmail.com> Kentoku SHIBA <kentokushiba@gmail.com>
Kentoku Shiba (No Organization) <root@kentoku14> root <root@kentoku14>
Kevin Lewis (MySQL) <klewis@mysql.com> klewis@mysql.com <>
Kevin Lewis (MySQL) <klewis@mysql.com> unknown <klewis@mysql.com>
Kevin Lewis (Oracle) <kevin.lewis@oracle.com> kevin.lewis@oracle.com <>
Kevin Lewis (Oracle) <kevin.lewis@oracle.com> unknown <kevin.lewis@oracle.com>
Knut Anders Hatlen (Oracle) <knut.hatlen@oracle.com> Knut Anders Hatlen <knut.hatlen@oracle.com>
Konstantin Osipov (Sun) <kostja@sun.com> Konstantin Osipov <kostja@sun.com>
Kristian Nielsen (No Organization) <knielsen@knielsen-hq.org> Kristian Nielsen <knielsen@knielsen-hq.org>
Kristian Nielsen (No Organization) <knielsen@knielsen-hq.org> Kristian Nielsen <knielsen@odin>
Kristian Nielsen (No Organization) <knielsen@knielsen-hq.org> Kristien Nielsen <knielsen@knielsen-hq.org>
Kristian Nielsen (No Organization) <knielsen@knielsen-hq.org> unknown <knielsen@knielsen-hq.org>
Kristofer Pettersson (Oracle) <kristofer.pettersson@oracle.com> Kristofer Pettersson <kristofer.pettersson@oracle.com>
Kristofer Pettersson (Sun) <kristofer.pettersson@sun.com> Kristofer Pettersson <kristofer.pettersson@sun.com>
Krunal Bauskar (Oracle) <krunal.bauskar@oracle.com> Krunal Bauskar krunal.bauskar@oracle.com <>
Krunal Bauskar (Oracle) <krunal.bauskar@oracle.com> Krunal Bauskar krunal.bauskar@oracle.com <Unknown>
Krunal Bauskar (Percona) <krunal.bauskar@percona.com> Krunal Bauskar <krunal.bauskar@percona.com>
Laasya Moduludu (Oracle) <laasya.moduludu@oracle.com> Laasya Moduludu <laasya.moduludu@oracle.com>
Laasya Moduludu (Oracle) <laasya.moduludu@oracle.com> laasya.moduludu@oracle.com <>
Laasya Moduludu (Oracle) <laasya.moduludu@oracle.com> unknown <laasya.moduludu@oracle.com>
Lars Heill (Sun) <Lars.Heill@Sun.COM> unknown <Lars.Heill@Sun.COM>
Lars Tangvald (Oracle) <lars.tangvald@oracle.com> Lars Tangvald <lars.tangvald@oracle.com>
Lars-Erik Bjork (Sun) <lars-erik.bjork@sun.com> lars-erik.bjork@sun.com <>
Lars-Erik Bjork (Sun) <lars-erik.bjork@sun.com> unknown <lars-erik.bjork@sun.com>
Larysa Sherepa (Unknown) <larysasherepa@Larysas-MacBook-Pro.local> Larysa Sherepa <larysasherepa@Larysas-MacBook-Pro.local>
Lawrin Novitsky (MariaDB Corporation) <lawrin.novitsky@mariadb.com> Lawrin Novitsky <lawrin.novitsky@mariadb.com>
Leif Walsh (Tokutek) <leif.walsh@gmail.com> Leif Walsh <leif.walsh@gmail.com>
Leif Walsh (Tokutek) <leif@tokutek.com> Leif Walsh <leif@tokutek.com>
Leonard Zhou (MySQL) <leonard@mysql.com> Leonard Zhou <leonard@mysql.com>
Leonard Zhou (Sun) <zhou.li@sun.com> Leonard Zhou <zhou.li@sun.com>
Li-Bing Song (GreatOpenSource Inc.) <anders.song@greatopensource.com>   <anders.song@greatopensource.com>
Li-Bing Song (GreatOpenSource Inc.) <anders.song@greatopensource.com> Libing Song <anders.song@greatopensource.com>
Li-Bing Song (GreatOpenSource Inc.) <anders.song@greatopensource.com> unknown <anders.song@greatopensource.com>
Li-Bing Song (Oracle) <libing.song@oracle.com> Libing Song <libing.song@oracle.com>
Li-Bing Song (Sun) <Li-Bing.Song@sun.com>   <Li-Bing.Song@sun.com>
Li-Bing Song (Sun) <Li-Bing.Song@sun.com> unknown <Li-Bing.Song@sun.com>
Lixun Peng (MariaDB Foundation) <P.Linux@163.com> Lixun Peng <P.Linux@163.com>
Lixun Peng (MariaDB Foundation) <lixun@mariadb.org> Lixun Peng <lixun@mariadb.org>
Luis Soares (Oracle) <luis.soares@oracle.com> Luis Soares <luis.soares@oracle.com>
Luis Soares (Sun) <luis.soares@sun.com> Luis Soares <luis.soares@sun.com>
MC Brown (Sun) <mc.brown@sun.com> MC Brown <mc.brown@sun.com>
Magne Mahre (Oracle) <magne.mahre@oracle.com> Magne Mahre <magne.mahre@oracle.com>
Magne Mahre (Sun) <magne.mahre@sun.com> Magne Mahre <magne.mahre@sun.com>
Magnus Blåudd (Oracle) <magnus.blaudd@oracle.com> Magnus Blåudd <magnus.blaudd@oracle.com>
Magnus Blåudd (Oracle) <magnus.blaudd@oracle.com> magnus.blaudd@oracle.com <>
Magnus Blåudd (Oracle) <magnus.blaudd@oracle.com> unknown <magnus.blaudd@oracle.com>
Magnus Blåudd (Sun) <magnus.blaudd@sun.com> Magnus Blåudd <magnus.blaudd@sun.com>
Magnus Svensson (MySQL) <msvensson@mysql.com> Magnus Svensson <msvensson@mysql.com>
Magnus Svensson (Sun) <magnus.svensson@sun.com> magnus.svensson@sun.com <>
Magnus Svensson (Sun) <magnus.svensson@sun.com> unknown <magnus.svensson@sun.com>
Maitrayi Sabaratnam (Oracle) <maitrayi.sabaratnam@oracle.com> Maitrayi Sabaratnam <maitrayi.sabaratnam@oracle.com>
Manish Kumar (Oracle) <manish.4.kumar@oracle.com> Manish Kumar <manish.4.kumar@oracle.com>
Marc Alff (Oracle) <marc.alff@oracle.com> Marc Alff <marc.alff@oracle.com>
Marc Alff (Sun) <marc.alff@sun.com> Marc Alff <marc.alff@sun.com>
Marcin Babij (Oracle) <marcin.babij@oracle.com> Marcin Babij <marcin.babij@oracle.com>
Mario Karuza (Codership) <mario.karuza@galeracluster.com> mkaruza <mario.karuza@galeracluster.com>
Mario Karuza (Codership) <mario.karuza@gmail.com> Unknown <mario.karuza@gmail.com>
Mario Karuza (Codership) <mario.karuza@gmail.com> mkaruza <mario.karuza@gmail.com>
Mario Weigel (Movio) <mario@movio.co> Mario Weigel <mario@movio.co>
Mark Leith (Oracle) <mark.leith@oracle.com> Mark Leith <mark.leith@oracle.com>
Marko Mäkelä (MariaDB Corporation) <marko.makela@mariadb.com> Marko Mäkelä <marko.makela@mariadb.com>
Marko Mäkelä (Oracle) <marko.makela@oracle.com> Marko =?ISO-8859-1?Q?M=E4kel=E4?= <marko.makela@oracle.com>
Marko Mäkelä (Oracle) <marko.makela@oracle.com> Marko Makela <marko.makela@oracle.com>
Marko Mäkelä (Oracle) <marko.makela@oracle.com> Marko Makela <mmakela@bk-internal.mysql.com>
Marko Mäkelä (Oracle) <marko.makela@oracle.com> Marko Mäkelä <marko.makela@oracle.com>
Marko Mäkelä (Oracle) <marko.makela@oracle.com> marko <>
Marko Mäkelä (Oracle) <marko.makela@oracle.com> marko <Unknown>
Marko Mäkelä (Oracle) <marko.makela@oracle.com> mmakela <>
Marko Mäkelä (Oracle) <marko.makela@oracle.com> mmakela <Unknown>
Martin Hansson (MySQL) <mhansson@mysql.com> Martin Hansson <mhansson@mysql.com>
Martin Hansson (Oracle) <martin.hansson@oracle.com> Martin Hansson <martin.hansson@oracle.com>
Martin Hansson (Sun) <martin.hansson@sun.com> Martin Hansson <martin.hansson@sun.com>
Martin Stefany (No Organization) <martinstefany@users.noreply.github.com> Martin Stefany <martinstefany@users.noreply.github.com>
Martynas Bendorius (No Organization) <martynas@martynas.it> Martynas Bendorius <martynas@martynas.it>
Mats Kindahl (Oracle) <mats.kindahl@oracle.com> Mats Kindahl <mats.kindahl@oracle.com>
Mats Kindahl (Sun) <mats@sun.com> Mats Kindahl <mats@sun.com>
Matthew Montgomery (MySQL) <mmontgomery@mysql.com> Matthew Montgomery <mmontgomery@mysql.com>
Matthias Leich (MariaDB Corporation) <Matthias.Leich@mariadb.com> mleich1 <Matthias.Leich@mariadb.com>
Matthias Leich (Oracle) <matthias.leich@oracle.com> Matthias Leich <matthias.leich@oracle.com>
Matthias Leich (Sun) <Matthias.Leich@sun.com> Matthias Leich <Matthias.Leich@sun.com>
Matthias Leich (Sun) <matthias.leich@sun.com> Matthias Leich <matthias.leich@sun.com>
Mattias Jonsson (Oracle) <mattias.jonsson@oracle.com> Mattias Jonsson <mattias.jonsson@oracle.com>
Mattias Jonsson (Sun) <mattias.jonsson@sun.com> Mattias Jonsson <mattias.jonsson@sun.com>
Mauritz Sundell (Oracle) <mauritz.sundell@oracle.com> Mauritz Sundell <mauritz.sundell@oracle.com>
Mayank Prasad (Oracle) <mayank.prasad@oracle.com> Mayank Prasad <mayank.prasad@oracle.com>
Michael Gmelin (No Organization) <mg@grem.de> Michael Gmelin <mg@grem.de>
Michael Izioumtchenko (Oracle) <michael.izioumtchenko@oracle.com> michael.izioumtchenko@oracle.com <>
Michael Izioumtchenko (Oracle) <michael.izioumtchenko@oracle.com> unknown <michael.izioumtchenko@oracle.com>
Michael Widenius (MariaDB Corporation and MariaDB Foundation) <monty@mariadb.org> Michael Widenius <monty@mariadb.org>
Michael Widenius (MariaDB Corporation and MariaDB Foundation) <monty@mariadb.org> Monty <monty@mariadb.org>
Michael Widenius (Monty Program) <monty@askmonty.org> Michael Widenius <monty@askmonty.org>
Michael Widenius (MySQL) <monty@mysql.com> Michael Widenius <monty@mysql.com>
Michal Schorm (Red Hat) <mschorm@redhat.com> Michal Schorm <mschorm@redhat.com>
Mikael Ronstrom (MySQL) <mikael@mysql.com> Mikael Ronstrom <mikael@mysql.com>
Mikael Ronstrom (Oracle) <mikael.ronstrom@oracle.com> Mikael Ronstrom <mikael.ronstrom@oracle.com>
Mikael Ronstrom (Oracle) <mikael.ronstrom@oracle.com> Mikael Ronstrom <mikael@dator8>
Mikael Ronstrom (Oracle) <mikael.ronstrom@oracle.com> Mikael Ronstrom <mikael@dator9>
Ming Lin (No Organization) <minggr@gmail.com> Ming Lin <minggr@gmail.com>
Mithun C Y (Oracle) <mithun.c.y@oracle.com> Mithun C Y <mithun.c.y@oracle.com>
Mithun C Y (Oracle) <mithun.c.y@oracle.com> mithun <mithun.c.y@oracle.com>
Murthy Narkedimilli (Oracle) <murthy.narkedimilli@oracle.com> Murthy Narkedimilli <murthy.narkedimilli@oracle.com>
Murthy Narkedimilli (Oracle) <murthy.narkedimilli@oracle.com> murthy.narkedimilli@oracle.com <>
Murthy Narkedimilli (Oracle) <murthy.narkedimilli@oracle.com> unknown <murthy.narkedimilli@oracle.com>
MySQL Build Team (MySQL) <build@mysql.com> MySQL Build Team <build@mysql.com>
MySQL Build Team (Oracle) <mysql-build@oss.oracle.com> MySQL Build Team <mysql-build@oss.oracle.com>
MySQL Release Engineering (Oracle) <mysql-re_ww@oracle.com> MySQL Release Engineering <mysql-re_ww@oracle.com>
Namit Sharma (Oracle) <namit.sharma@oracle.com> Namit Sharma <namit.sharma@oracle.com>
Narayanan Venkateswaran (Oracle) <v.narayanan@oracle.com> Narayanan Venkateswaran <v.narayanan@oracle.com>
Narayanan Venkateswaran (Sun) <v.narayanan@sun.com> Narayanan V <v.narayanan@sun.com>
Narayanan Venkateswaran (Sun) <v.narayanan@sun.com> V Narayanan <v.narayanan@sun.com>
Natanael Copa (Alpine Linux) <ncopa@alpinelinux.org> Natanael Copa <ncopa@alpinelinux.org>
Nawaz Nazeer Ahamed (Oracle) <nawaz.nazeer.ahamed@oracle.com> Nawaz Nazeer Ahamed <nawaz.nazeer.ahamed@oracle.com>
Neeraj Bisht (Oracle) <neeraj.x.bisht@oracle.com> Neeraj Bisht <neeraj.x.bisht@oracle.com>
Neha Kumari (Oracle) <neha.n.kumari@oracle.com> Neha Kumari <neha.n.kumari@oracle.com>
Nikita Malyavin (Tempesta) <nikitamalyavin@gmail.com> Nikita Malyavin <nikitamalyavin@gmail.com>
Nirbhay Choubey (MariaDB Corporation) <nirbhay.choubey@gmail.com> Nirbhay Choubey <nirbhay.choubey@gmail.com>
Nirbhay Choubey (MariaDB Corporation) <nirbhay@mariadb.com> Nirbhay Choubey <nirbhay@mariadb.com>
Nirbhay Choubey (Oracle) <nirbhay.choubey@oracle.com> Nirbhay Choubey <nirbhay.choubey@oracle.com>
Nirbhay Choubey (SkySQL) <nirbhay@skysql.com> Nirbhay Choubey <nirbhay@skysql.com>
Nirbhay Choubey (Sun) <nirbhay.choubey@sun.com> Nirbhay Choubey <nirbhay.choubey@sun.com>
Nisha Gopalakrishnan (Oracle) <nisha.gopalakrishnan@oracle.com> Nisha <nisha.gopalakrishnan@oracle.com>
Nisha Gopalakrishnan (Oracle) <nisha.gopalakrishnan@oracle.com> Nisha Gopalakrishnan <nisha.gopalakrishnan@oracle.com>
Norvald H. Ryeng (Oracle) <norvald.ryeng@oracle.com> Norvald H. Ryeng <norvald.ryeng@oracle.com>
Nuno Carvalho (Oracle) <nuno.carvalho@oracle.com> Nuno Carvalho <nuno.carvalho@oracle.com>
Olav Sandstaa (Oracle) <olav.sandstaa@oracle.com> Olav Sandstaa <olav.sandstaa@oracle.com>
Olav Sandstaa (Sun) <olav@sun.com> Olav Sandstaa <olav@sun.com>
Ole John Aske (Oracle) <ole.john.aske@oracle.com> Ole John Aske <ole.john.aske@oracle.com>
Oleksandr "Sanja" Byelkin (MariaDB Corporation) <sanja.byelkin@gmail.com> Oleksandr ""Sanja"" Byelkin <sanja.byelkin@gmail.com>
Oleksandr "Sanja" Byelkin (MariaDB Corporation) <sanja.byelkin@gmail.com> Oleksandr "Sanja" Byelkin <sanja.byelkin@gmail.com>
Oleksandr "Sanja" Byelkin (MariaDB Corporation) <sanja.byelkin@gmail.com> Oleksandr Byelkin <sanja@SanjaLaptop>
Oleksandr "Sanja" Byelkin (MariaDB Corporation) <sanja@mariadb.com> Oleksandr Byelkin <sanja@mariadb.com>
Oleksandr "Sanja" Byelkin (MariaDB Corporation) <sanja@mariadb.org> Oleksandr Byelkin <sanja@mariadb.org>
Oleksandr "Sanja" Byelkin (MariaDB Corporation) <sanja@sanjaLaptopT> Oleksandr Byelkin <sanja@sanjaLaptopT>
Oleksandr "Sanja" Byelkin (Monty Program) <sanja@askmonty.org> Oleksandr Byelkin <sanja@askmonty.org>
Oleksandr "Sanja" Byelkin (Monty Program) <sanja@askmonty.org> unknown <sanja@askmonty.org>
Oleksandr "Sanja" Byelkin (Monty Program) <sanja@montyprogram.com> unknown <sanja@montyprogram.com>
Oleksandr "Sanja" Byelkin (Sun) <sanja@sun.com> unknown <sanja@sun.com>
Oliver Giles (No Organization) <ohw.giles@gmail.com> Oliver Giles <ohw.giles@gmail.com>
Olivier Bertrand (No Organization) <Olivier@UBUVIR> unknown <Olivier@UBUVIR>
Olivier Bertrand (No Organization) <bertrandop@gmail.com> Olivier Bertrand <bertrandop@gmail.com>
Olivier Bertrand (No Organization) <bertrandop@gmail.com> Olivier on SAMSUNG 64-bits <bertrandop@gmail.com>
Omer BarNir (MySQL) <omer@mysql.com> Omer BarNir <omer@mysql.com>
Otto Kekäläinen (MariaDB Foundation) <otto.kekalainen@seravo.fi> Otto Kekäläinen <otto.kekalainen@seravo.fi>
Otto Kekäläinen (MariaDB Foundation) <otto@mariadb.org> Otto Kekäläinen <otto@mariadb.org>
Otto Kekäläinen (MariaDB Foundation) <otto@seravo.fi> Otto Kekäläinen <otto@seravo.fi>
Oystein Grovlen (Oracle) <oystein.grovlen@oracle.com> Oystein Grovlen <oystein.grovlen@oracle.com>
Oystein Grovlen (Sun) <oystein.grovlen@sun.com> oystein.grovlen@sun.com <>
Oystein Grovlen (Sun) <oystein.grovlen@sun.com> unknown <oystein.grovlen@sun.com>
Patrick Crews (Sun) <Patrick.Crews@Sun.COM> unknown <Patrick.Crews@Sun.COM>
Patrick Crews (Sun) <patrick.crews@sun.com> Patrick Crews <patrick.crews@sun.com>
Paul McCullagh (PrimeBase) <paul.mccullagh@primebase.org> Paul McCullagh <paul.mccullagh@primebase.org>
Pavan Naik (Oracle) <pavan.naik@oracle.com> Pavan Naik <pavan.naik@oracle.com>
Pavel Ivanov (Google) <pivanof@google.com> Pavel Ivanov <pivanof@google.com>
Pedro Gomes (Oracle) <pedro.gomes@oracle.com> Pedro Gomes <pedro.gomes@oracle.com>
Peter Lieverdink (Open Query) <me@cafuego.net> Peter Lieverdink <me@cafuego.net>
Philip Stoev (Codership) <philip.stoev@galeracluster.com>  <>
Philip Stoev (Codership) <philip.stoev@galeracluster.com> Philip Stoev <philip.stoev@galeracluster.com>
Philip Stoev (MySQL) <pstoev@mysql.com> Philip Stoev <pstoev@mysql.com>
Piotr Obrzut (Oracle) <piotr.obrzut@oracle.com> Piotr Obrzut <piotr.obrzut@oracle.com>
Prabakaran Thirumalai (Oracle) <prabakaran.thirumalai@oracle.com> prabakaran thirumalai <prabakaran.thirumalai@oracle.com>
Prashant Tekriwal (Oracle) <prashant.tekriwal@oracle.com> Prashant Tekriwal <prashant.tekriwal@oracle.com>
Praveenkumar Hulakund (Oracle) <praveenkumar.hulakund@oracle.com> Praveenkumar Hulakund <praveenkumar.hulakund@oracle.com>
Praveenkumar Hulakund (Oracle) <praveenkumar.hulakund@oracle.com> Praveenkumar.Hulakund <praveenkumar.hulakund@oracle.com>
Rafal Somla (Oracle) <rafal.somla@oracle.com> Rafal Somla <rafal.somla@oracle.com>
Rafal Somla (Sun) <Rafal.Somla@sun.com> Rafal Somla <Rafal.Somla@sun.com>
Raghav Kapoor (Oracle) <raghav.kapoor@oracle.com> Raghav Kapoor <raghav.kapoor@oracle.com>
Raghavendra D Prabhu (No Organization) <rprabhu@wnohang.net> Raghavendra D Prabhu <rprabhu@wnohang.net>
Rahul Malik (Oracle) <rahul.m.malik@oracle.com> rahul malik <rahul.m.malik@oracle.com>
Rakshit Kumar (No Organization) <32777813+rakshitkumarcse@users.noreply.github.com> Rakshit Kumar <32777813+rakshitkumarcse@users.noreply.github.com>
Ramesh Maddali (Oracle) <ramesh.maddali@oracle.com> Ramesh Maddali <ramesh.maddali@oracle.com>
Ramesh Maddali (Oracle) <ramesh.maddali@oracle.com> ramesh.maddali@oracle.com <>
Ramesh Maddali (Oracle) <ramesh.maddali@oracle.com> unknown <ramesh.maddali@oracle.com>
Ramil Kalimullin (MySQL) <ramil@mysql.com> Ramil Kalimullin <ramil@mysql.com>
Ramil Kalimullin (Oracle) <ramil.kalimullin@oracle.com> Ramil Kalimullin <ramil.kalimullin@oracle.com>
Rasmus Johansson (MariaDB Corporation) <rasmus@mariadb.com> Rasmus Johansson <rasmus@mariadb.com>
Rasmus Johansson (MariaDB Corporation) <ratzpo@gmail.com> Rasmus Johansson <ratzpo@gmail.com>
Rasmus Johansson (MariaDB Corporation) <razze@iki.fi> Rasmus Johansson <razze@iki.fi>
Ravinder Thakur (Oracle) <ravinder.thakur@oracle.com> Ravinder Thakur <ravinder.thakur@oracle.com>
Rich Prohaska (Tokutek) <prohanka@tokutek.com> RIch Prohaska <prohaska@tokutek.com>
Rich Prohaska (Tokutek) <prohanka@tokutek.com> Rich Prohaska <prohaska@Prohaska-2.local>
Rich Prohaska (Tokutek) <prohanka@tokutek.com> Rich Prohaska <prohaska@mork.tokutek.com>
Rich Prohaska (Tokutek) <prohanka@tokutek.com> Rik Prohaska <prohaska7@gmail.com>
Rich Prohaska (Tokutek) <prohanka@tokutek.com> prohaska <prohaska@lex2.(none)>
Rich Prohaska (Tokutek) <prohaska@tokutek.com> Rich Prohaska <prohaska@tokutek.com>
Rich Prohaska (Tokutek) <prohaska@tokutek.com> rich prohaska <prohaska@tokutek.com>
Ritheesh Vedire (Oracle) <ritheesh.vedire@oracle.com> Ritheesh Vedire <ritheesh.vedire@oracle.com>
Robbie Harwood (Red Hat) <rharwood@redhat.com> Robbie Harwood <rharwood@redhat.com>
Robert Bindar (MariaDB Foundation) <robert@mariadb.org> Robert Bindar <robert@mariadb.org>
Robert Golebiowski (Oracle) <robert.golebiowski@oracle.com> Robert Golebiowski <robert.golebiowski@oracle.com>
Rohit Kalhans (Oracle) <rohit.kalhans@oracle.com> Rohit Kalhans <rohit.kalhans@oracle.com>
Roman Nozdrin (MariaDB Corporation) <roman.nozdrin@mariadb.com> Roman Nozdrin <roman.nozdrin@mariadb.com>
Ronak Jain (Microsoft) <ronakjain@outlook.in> Ronak Jain <ronakjain@outlook.in>
Roy Lyseng (Oracle) <roy.lyseng@oracle.com> Roy Lyseng <roy.lyseng@oracle.com>
Roy Lyseng (Sun) <roy.lyseng@sun.com> Roy Lyseng <roy.lyseng@sun.com>
Rutuja Surve (MariaDB Foundation) <rutuja.r.surve@gmail.com> Rutuja Surve <rutuja.r.surve@gmail.com>
Sachin Agarwal (Oracle) <sachin.z.agarwal@oracle.com> Sachin Agarwal <sachin.z.agarwal@oracle.com>
Sachin Setiya (MariaDB Corporation) <sachin.setiya@mariadb.com> Sachin <sachin.setiya@mariadb.com>
Sachin Setiya (MariaDB Corporation) <sachin.setiya@mariadb.com> Sachin Setiya <sachin.setiya@mariadb.com>
Sachin Setiya (MariaDB Corporation) <sachin.setiya@mariadb.com> Sachin Setiya <sachin.setiya@maridb.com>
Sachin Setiya (MariaDB Corporation) <sachin.setiya@mariadb.com> sachin <sachin.setiya@mariadb.com>
Sachin Setiya (MariaDB Corporation) <sachin.setiya@maridb.com> sachin <sachin.setiya@maridb.com>
Sachin Setiya (MariaDB Corporation) <sachinsetia1001@gmail.com> Sachin Setiya <sachinsetia1001@gmail.com>
Sachin Setiya (MariaDB Corporation) <sachinsetia1001@gmail.com> SachinSetiya <sachinsetia1001@gmail.com>
Saikumar V (Sun) <saikumar.v@sun.com> Saikumar V <saikumar.v@sun.com>
Sandeep Doddaballapur (Sun) <sandeep.doddaballapur@sun.com> Sandeep Doddaballapur <sandeep.doddaballapur@sun.com>
Satya Bodapati (Oracle) <satya.bodapati@oracle.com> Satya Bodapati <satya.bodapati@oracle.com>
Satya Bodapati (Sun) <satya.bn@sun.com> Satya B <satya.bn@sun.com>
Sauron (No Organization) <git@sauron.cf> Sauron <git@sauron.cf>
Sayantan Dutta (Oracle) <sayantan.dutta@oracle.com> Sayantan Dutta <sayantan.dutta@oracle.com>
Sayantan Dutta (Oracle) <sayantan.dutta@oracle.com> sayantan dutta <sayantan.dutta@oracle.com>
Sayantan Dutta (Oracle) <sayantan.dutta@oracle.com> sayantan.dutta@oracle.com <>
Sayantan Dutta (Oracle) <sayantan.dutta@oracle.com> unknown <sayantan.dutta@oracle.com>
Seamus Lee (No Organization) <seamuslee001@gmail.com> Seamus Lee <seamuslee001@gmail.com>
Seppo Jaakola (Codership) <seppo.jaakola@codership.com> Seppo Jaakola <seppo.jaakola@codership.com>
Seppo Jaakola (Codership) <seppo.jaakola@iki.fi> seppo <seppo.jaakola@iki.fi>
Seppo Jaakola (Codership) <seppo.jaakola@iki.fi> sjaakola <seppo.jaakola@iki.fi>
Serge Kozlov (Oracle) <Serge.Kozlov@oracle.com> Serge Kozlov <Serge.Kozlov@oracle.com>
Serge Kozlov (Oracle) <serge.kozlov@oracle.com> Serge Kozlov <serge.kozlov@oracle.com>
Serge Kozlov (Sun) <Serge.Kozlov@sun.com> Serge Kozlov <Serge.Kozlov@sun.com>
Sergei Golubchik (MariaDB Corporation) <serg@mariadb.com> Sergei Golubchik <serg@mariadb.org>
Sergei Golubchik (MariaDB Corporation) <sergii@pisem.net> Sergei Golubchik <sergii@pisem.net>
Sergei Golubchik (MariaDB Corporation) <vuvova@gmail.com> Sergei Golubchik <vuvova@gmail.com>
Sergei Golubchik (MySQL) <serg@mysql.com> Sergei Golubchik <serg@mysql.com>
Sergei Petrunia (MariaDB Corporation) <psergey@mariadb.com> Sergei Petrunia <psergey@askmonty.org>
Sergei Petrunia (MariaDB Corporation) <sergey@mariadb.com> Sergei Petrunia <sergey@mariadb.com>
Sergey Glukhov (MySQL) <gluh@mysql.com> Sergey Glukhov <gluh@mysql.com>
Sergey Glukhov (Oracle) <sergey.glukhov@oracle.com> Sergey Glukhov <sergey.glukhov@oracle.com>
Sergey Glukhov (Sun) <Sergey.Glukhov@sun.com> Sergey Glukhov <Sergey.Glukhov@sun.com>
Sergey Petrunia (Monty Program) <psergey@askmonty.org> Sergey Petrunia <psergey@askmonty.org>
Sergey Petrunia (MySQL) <sergefp@mysql.com> Sergey Petrunia <sergefp@mysql.com>
Sergey Petrunya (Monty Program) <psergey@askmonty.org> Sergey Petrunya <psergey@askmonty.org>
Sergey Vojtovich (MariaDB Foundation) <svoj@mariadb.org> Sergey <svoj@mariadb.org>
Sergey Vojtovich (MariaDB Foundation) <svoj@mariadb.org> Sergey Vojtovich <svoj@mariadb.org>
Sergey Vojtovich (MySQL) <svoj@mysql.com> Sergey Vojtovich <svoj@mysql.com>
Sergey Vojtovich (Oracle) <sergey.vojtovich@oracle.com> Sergey Vojtovich <sergey.vojtovich@oracle.com>
Sergey Vojtovich (Oracle) <svoj@oracle.com> Sergey Vojtovich <svoj@oracle.com>
Sergey Vojtovich (Sun) <svoj@sun.com> Sergey Vojtovich <svoj@sun.com>
Shaohua Wang (Oracle) <shaohua.wang@oracle.com> Shaohua Wang <shaohua.wang@oracle.com>
Shipra Jain (Oracle) <shipra.x.jain@oracle.com> Shipra Jain <shipra.x.jain@oracle.com>
Shishir Jaiswal (Oracle) <shishir.j.jaiswal@oracle.com> Shishir Jaiswal <shishir.j.jaiswal@oracle.com>
Shivashankar Nagaraj (Oracle) <shiva.y.shankar@oracle.com> Shivashankar Nagaraj <shiva.y.shankar@oracle.com>
Shivji Kumar Jha (Oracle) <shivji.jha@oracle.com> Shivji Kumar Jha <shivji.jha@oracle.com>
Shubhangi Garg (Oracle) <shubhangi.garg@oracle.com> Shubhangi Garg <shubhangi.garg@oracle.com>
Simon Mudd (Booking.com) <sjmudd@pobox.com> Simon J Mudd <sjmudd@pobox.com>
Sivert Sorumgard (Oracle) <sivert.sorumgaard@oracle.com> Sivert Sorumgard <sivert.sorumgaard@oracle.com>
Sneha Modi (Oracle) <sneha.modi@oracle.com> Sneha MOdi <sneha.modi@oracle.com>
Sneha Modi (Oracle) <sneha.modi@oracle.com> Sneha Modi <sneha.modi@oracle.com>
Sreedhar Sreedhargadda (Oracle) <sreedhar.sreedhargadda@oracle.com> Sreedhar S <sreedhar.sreedhargadda@oracle.com>
Sreedhar Sreedhargadda (Oracle) <sreedhar.sreedhargadda@oracle.com> Sreedhar.S <sreedhar.sreedhargadda@oracle.com>
Sreeharsha Ramanavarapu (Oracle) <sreeharsha.ramanavarapu@oracle.com> Sreeharsha Ramanavarapu <sreeharsha.ramanavarapu@oracle.com>
Sreeharsha Ramanavarapu (Oracle) <sreeharsha.ramanavarapu@oracle.com> sreeharsha <sreeharsha.ramanavarapu@oracle.com>
Srikanth B R (Oracle) <srikanth.b.r@oracle.com> Srikanth B R <srikanth.b.r@oracle.com>
Staale Smedseng (Sun) <staale.smedseng@sun.com> Staale Smedseng <staale.smedseng@sun.com>
Stepan Patryshev (Unknown) <stepan@cnt7glr11.localdomain> Stepan Patryshev <stepan@cnt7glr11.localdomain>
Sujatha Sivakumar (Oracle) <sujatha.sivakumar@oracle.com> Sujatha Sivakumar <sujatha.sivakumar@oracle.com>
Sujatha Sivakumar (Oracle) <sujatha.sivakumar@oracle.com> s.sujatha <sujatha.sivakumar@oracle.com>
Sunanda Menon (Oracle) <sunanda.menon@oracle.com> Sunanda Menon <sunanda.menon@oracle.com>
Sunanda Menon (Oracle) <sunanda.menon@oracle.com> sunanda.menon@oracle.com <>
Sunanda Menon (Oracle) <sunanda.menon@oracle.com> unknown <sunanda.menon@oracle.com>
Sunanda Menon (Sun) <sunanda.menon@sun.com> Sunanda Menon <sunanda.menon@sun.com>
Sunanda Menon (Sun) <sunanda.menon@sun.com> smenon <sunanda.menon@sun.com>
Sunanda Menon (Sun) <sunanda.menon@sun.com> sunanda <sunanda.menon@sun.com>
Sunanda Menon (Sun) <sunanda.menon@sun.com> sunanda.menon@sun.com <>
Sunanda Menon (Sun) <sunanda.menon@sun.com> unknown <sunanda.menon@sun.com>
Sunny Bains (Oracle) <Sunny.Bains@Oracle.Com> Sunny Bains <Sunny.Bains@Oracle.Com>
Sven Sandberg (MySQL) <sven@mysql.com> Sven Sandberg <sven@mysql.com>
Sven Sandberg (Oracle) <sven.sandberg@oracle.com> Sven Sandberg <sven.sandberg@oracle.com>
Sven Sandberg (Sun) <sven.sandberg@sun.com> Sven Sandberg <sven.sandberg@sun.com>
Takashi Sasaki (No Organization) <tsasaki609@gmail.com> Takashi Sasaki <tsasaki609@gmail.com>
Tao ZHOU (No Organization) <angeloudy@gmail.com> Tao ZHOU <angeloudy@gmail.com>
Tao ZHOU (No Organization) <angeloudy@gmail.com> angeloudy <angeloudy@yahoo.com>
Tatiana Azundris Nuernberg (MySQL) <azundris@mysql.com> Tatiana A. Nurnberg <azundris@mysql.com>
Tatiana Azundris Nuernberg (Oracle) <tatjana.nuernberg@oracle.com> Tatiana Azundris Nuernberg <tatjana.nuernberg@oracle.com>
Tatiana Azundris Nuernberg (Sun) <azundris@sun.com> Tatiana Azundris Nurnberg <azundris@sun.com>
Tatjana Azundris Nuernberg (Oracle) <tatjana.nuernberg@oracle.com> Tatjana Azundris Nuernberg <tatjana.nuernberg@oracle.com>
Teemu Ollakka (Codership) <teemu.ollakka@codership.com> Teemu Ollakka <teemu.ollakka@codership.com>
Teemu Ollakka (Codership) <teemu.ollakka@galeracluster.com>  <>
Teemu Ollakka (Codership) <teemu.ollakka@galeracluster.com> Teemu Ollakka <teemu.ollakka@galeracluster.com>
Teodor Mircea Ionita (MariaDB Foundation) <teodor@mariadb.org> Shinnok <teodor@mariadb.org>
Teodor Mircea Ionita (MariaDB Foundation) <teodor@mariadb.org> Teodor Mircea Ionita <teodor@mariadb.org>
Terje Røsten (Oracle) <terje.rosten@oracle.com> Terje Rosten <terje.rosten@oracle.com>
Terje Røsten (Oracle) <terje.rosten@oracle.com> Terje Røsten <terje.rosten@oracle.com>
Thayumanavar S (Oracle) <thayumanavar.x.sachithanantha@oracle.com> Thayumanavar <thayumanavar.x.sachithanantha@oracle.com>
Thayumanavar S (Oracle) <thayumanavar.x.sachithanantha@oracle.com> Thayumanavar S <thayumanavar.x.sachithanantha@oracle.com>
Thirunarayanan Balathandayuthapani (MariaDB Corporation) <thiru@mariadb.com>  <>
Thirunarayanan Balathandayuthapani (MariaDB Corporation) <thiru@mariadb.com> Thirunarayanan Balathandayuthapani <thiru@mariadb.com>
Thirunarayanan Balathandayuthapani (Oracle) <thirunarayanan.balathandayuth@oracle.com> Thiru <thirunarayanan.balathandayuth@oracle.com>
Thirunarayanan Balathandayuthapani (Oracle) <thirunarayanan.balathandayuth@oracle.com> Thirunarayanan B <thirunarayanan.balathandayuth@oracle.com>
Thirunarayanan Balathandayuthapani (Oracle) <thirunarayanan.balathandayuth@oracle.com> Thirunarayanan Balathandayuthapani <thirunarayanan.balathandayuth@oracle.com>
Tim Callaghan (Tokutek) <tim@tokutek.com> Tim Callaghan <tim@tokutek.com>
Tim Callaghan (Tokutek) <tmcallaghan@gmail.com> Tim Callaghan <tmcallaghan@gmail.com>
Timo Teräs (Codership) <timo.teras@iki.fi>  <>
Timothy (Sun) <Timothy.Smith@Sun.COM> Timothy <Timothy.Smith@Sun.COM>
Timothy Smith (Sun) <timothy.smith@sun.com> Timothy Smith <timothy.smith@sun.com>
Timothy Smith (Sun) <timothy.smith@sun.com> timothy.smith@sun.com <>
Timothy Smith (Sun) <timothy.smith@sun.com> unknown <timothy.smith@sun.com>
Timour Katchaounov (Monty Program) <timour@askmonty.org> timour@askmonty.org <timour@askmonty.org>
Timour Katchaounov (Monty Program) <timour@askmonty.org> unknown <timour@askmonty.org>
Toby Thain (Open Query) <toby@telegraphics.com.au> Toby Thain <toby@telegraphics.com.au>
TokuBuild (Tokutek) <tokubuild@pointy.tokutek.com> tokubuild <tokubuild@pointy.tokutek.com>
TokuBuild (Tokutek) <tokubuild@tokutek.com> TokuBuild <tokubuild@tokutek.com>
Tomas Ulin (Sun) <tomas.ulin@sun.com> Tomas Ulin <tomas.ulin@sun.com>
Tor Didriksen (Oracle) <tor.didriksen@oracle.com> Tor Didriksen <tor.didriksen@oracle.com>
Tor Didriksen (Sun) <tor.didriksen@sun.com> Tor Didriksen <tor.didriksen@sun.com>
Unknown (No Organization) <Unknown> unknown <Unknown>
Vadim Tkachenko (Percona) <vadim@percona.com> Vadim Tkachenko <vadim@percona.com>
Vamsikrishna Bhagi (Oracle) <vamsikrishna.bhagi@oracle.com> Vamsikrishna Bhagi <vamsikrishna.bhagi@oracle.com>
Varun Gupta (MariaDB Corporation) <varun.gupta@mariadb.com> Varun Gupta <varun.gupta@mariadb.com>
Varun Gupta (MariaDB Corporation) <varun@mariadb.com> Varun <varunraiko1803@gmail.com>
Varun Gupta (MariaDB Corporation) <varun@mariadb.com> Varun Gupta <varungupta1803@gmail.com>
Varun Gupta (MariaDB Corporation) <varun@mariadb.com> Varun Gupta <varunraiko1803@gmail.com>
Varun Gupta (MariaDB Corporation) <varun@mariadb.com> varunraiko <varunraiko1803@gmail.com>
Vasil Dimov (Codership) <vasil.dimov@galeracluster.com>  <>
Vasil Dimov (Codership) <vasil.dimov@galeracluster.com> Vasil Dimov <vasil.dimov@galeracluster.com>
Vasil Dimov (FreeBSD) <vasil.dimov@galeracluster.com> Vasil Dimov <vd@FreeBSD.org>
Vasil Dimov (Oracle) <vasil.dimov@oracle.com> Vasil Dimov <vasil.dimov@oracle.com>
Vasil Dimov (Oracle) <vasil.dimov@oracle.com> vasil <>
Vasil Dimov (Oracle) <vasil.dimov@oracle.com> vasil <Unknown>
Vasil Dimov (Oracle) <vasil.dimov@oracle.com> vdimov <>
Vasil Dimov (Oracle) <vasil.dimov@oracle.com> vdimov <Unknown>
Venkata Sidagam (Oracle) <venkata.sidagam@oracle.com> V S Murthy Sidagam <venkata.sidagam@oracle.com>
Venkata Sidagam (Oracle) <venkata.sidagam@oracle.com> Venkata Sidagam <venkata.sidagam@oracle.com>
Venkatesh Duggirala (Oracle) <venkatesh.duggirala@oracle.com> Venkatesh Duggirala <venkatesh.duggirala@oracle.com>
Vesa Pentti (MariaDB Corporation) <vesa.pentti@mariadb.com> Vesa Pentti <vesa.pentti@mariadb.com>
Vesa Pentti (MariaDB Corporation) <vesa.pentti@mariadb.net> Vesa Pentti <vesa.pentti@mariadb.net>
Vicențiu Ciorbaru (MariaDB Foundation) <cvicentiu@gmail.com> Vicentiu Ciorbaru <cvicentiu@gmail.com>
Vicențiu Ciorbaru (MariaDB Foundation) <cvicentiu@gmail.com> Vicențiu Ciorbaru <cvicentiu@gmail.com>
Vicențiu Ciorbaru (MariaDB Foundation) <cvicentiu@gmail.com> Vicențiu-Marian Ciorbaru <cvicentiu@gmail.com>
Vicențiu Ciorbaru (MariaDB Foundation) <vicentiu@mariadb.org> Vicentiu Ciorbaru <vicentiu@mariadb.org>
Vicențiu Ciorbaru (MariaDB Foundation) <vicentiu@mariadb.org> Vicențiu Ciorbaru (MariaDB Foundation) <>
Vicențiu Ciorbaru (MariaDB Foundation) <vicentiu@mariadb.org> Vicențiu Ciorbaru <vicentiu@ciorbaru.io>
Vicențiu Ciorbaru (MariaDB Foundation) <vicentiu@mariadb.org> Vicențiu Ciorbaru <vicentiu@mariadb.org>
Vicențiu Ciorbaru (MariaDB Foundation) <vicentiu@mariadb.org> Vicențiu-Marian Ciorbaru <vicentiu@mariadb.org>
Vicențiu Ciorbaru (MariaDB Foundation) <vicentiu@mariadb.org> vicentiu <vicentiu@mariadb.org>
Vinay Fisrekar (Oracle) <vinay.fisrekar@oracle.com> Vinay Fisrekar <vinay.fisrekar@oracle.com>
Vinay Fisrekar (Sun) <vinay.fisrekar@sun.com> Vinay Fisrekar <vinay.fisrekar@sun.com>
Vincent Milum Jr (No Organization) <github@darkain.com> Vincent Milum Jr <github@darkain.com>
Vincenzo Liberatore (Tokutek) <vincenzo@tokutek.com> Vincenzo Liberatore <vincenzo@tokutek.com>
Vishal Chaudhary (Oracle) <balasubramanian.kandasamy@oracle.com> Vishal Chaudhary <balasubramanian.kandasamy@oracle.com>
Vladimir Kolesnikov (PrimeBase) <vladimir@primebase.org> Vladimir Kolesnikov <vladimir@primebase.org>
Vladislav Vaintroub (MariaDB Corporation) <vvaintroub@gmail.com> Vladislav Vaintroub <vvaintroub@gmail.com>
Vladislav Vaintroub (MariaDB Corporation) <vvaintroub@googlemail.com> Vladislav Vaintroub <vvaintroub@googlemail.com>
Vladislav Vaintroub (MariaDB Corporation) <vvaintroub@pcbsd> Vladislav Vaintroub <vvaintroub@pcbsd>
Vladislav Vaintroub (MariaDB Corporation) <wlad@bb04.mariadb.net> wlad <wlad@bb04.mariadb.net>
Vladislav Vaintroub (MariaDB Corporation) <wlad@localhost.localdomain> wlad <wlad@localhost.localdomain>
Vladislav Vaintroub (MariaDB Corporation) <wlad@mariadb.com> Vladislav Vaintroub <wlad@mariadb.com>
Vladislav Vaintroub (MariaDB Corporation) <wlad@montyprogram.com> Vladislav Vaintroub <wlad@montyprogram.com>
Vladislav Vaintroub (MariaDB Corporation) Vladislav Vaintroub <wlad@localhost.localdomain>
Vladislav Vaintroub (Monty Program) <wlad@askmonty.org> Vladislav Vaintroub <wlad@askmonty.org>
Vladislav Vaintroub (Monty Program) <wlad@montyprogram.org> Vladislav Vaintroub <wlad@montyprogram.org>
Vladislav Vaintroub (MySQL) <vvaintroub@mysql.com> Vladislav Vaintroub <vvaintroub@mysql.com>
Vladislav Vaintroub (Sun) <wlad@sun.com> Vladislav Vaintroub <vv221804@astra04>
Vladislav Vaintroub (Sun) <wlad@sun.com> Vladislav Vaintroub <vv221804@loki07>
Vladislav Vaintroub (Sun) <wlad@sun.com> Vladislav Vaintroub <vv221804@tyr36>
Vladislav Vaintroub (Sun) <wlad@sun.com> Vladislav Vaintroub <vvaintroub@fe2>
Vladislav Vaintroub (Sun) <wlad@sun.com> Vladislav Vaintroub <vvaintroub@fe>
Vladislav Vaintroub (Sun) <wlad@sun.com> Vladislav Vaintroub <vvaintroub@fedora12>
Vladislav Vaintroub (Sun) <wlad@sun.com> Vladislav Vaintroub <vvaintroub@koala>
Vladislav Vaintroub (Sun) <wlad@sun.com> Vladislav Vaintroub <vvaintroub@linux-rbsx>
Vladislav Vaintroub (Sun) <wlad@sun.com> Vladislav Vaintroub <vvaintroub@macbook.local>
Vladislav Vaintroub (Sun) <wlad@sun.com> Vladislav Vaintroub <vvaintroub@u8>
Vladislav Vaintroub (Sun) <wlad@sun.com> Vladislav Vaintroub <wlad@sol>
Vladislav Vaintroub (Sun) <wlad@sun.com> Vladislav Vaintroub <wlad@sun.com>
Vladislav Vaintroub (Sun) <wlad@sun.com> vladislav vaintroub <vvaintroub@u64>
Vladislav Vaintroub (Sun) <wlad@sun.com> vvaintroub <vvaintroub@w7>
Vladislav Vaintroub (Sun) <wlad@sun.com> vvaintroub <vvaintroub@win7>
Vladislav Vaintroub (Sun) <wlad@sun.com> vvaintroub <vvaintroub@xp>
Will (No Organization) <war59312@gmail.com> Will <war59312@gmail.com>
Xiangyu Hu (Microsoft) <xiangyhu@microsoft.com> Xiangyu Hu <xiangyhu@microsoft.com>
Yashwant Sahu (Oracle) <yashwant.sahu@oracle.com> Yashwant Sahu <yashwant.sahu@oracle.com>
Yasufumi Kinoshita (Oracle) <yasufumi.kinoshita@oracle.com> Yasufumi Kinoshita <yasufumi.kinoshita@oracle.com>
Yoni Fogel (Tokutek) <yoni@tokutek.com> Yoni Fogel <yoni@tokutek.com>
Yuqi Gu (Arm) <yuqi.gu@arm.com> Yuqi <yuqi.gu@arm.com>
Zardosht Kasheff (Tokutek) <zardosht@gmail.com> Zardosht Kasheff <zardosht@gmail.com>
Zardosht Kasheff (Tokutek) <zardosht@gmail.com> zkasheff <zardosht@gmail.com>
Zardosht Kasheff (Tokutek) <zardosht@tokutek.com> Zardosht Kasheff <zardosht@tokutek.com>
Zdravelina Sokolovska (MariaDB Corporation) <zdravelina.sokolovska@mariadb.com> zdrav1 <zdravelina.sokolovska@mariadb.com>
akuzminsky (Unknown) <akuzminsky@localhost.localdomain> akuzminsky <akuzminsky@localhost.localdomain>
akuzminsky (Unknown) <akuzminsky@rm1u02> akuzminsky <akuzminsky@sm1u02>
andrew (No Organization) <andrew@atlantis4> andrew <andrew@atlantis4>
andrew (No Organization) <andrew@madev.eaglenest> andrew <andrew@madev.eaglenest>
dirtysalt (No Organization) <dirtysalt1987@gmail.com> dirtysalt <dirtysalt1987@gmail.com>
f4rnham (No Organization) <f4rnham@PC.none> f4rnham <f4rnham@PC.none>
f4rnham (No Organization) <f4rnham@users.noreply.github.com> f4rnham <f4rnham@users.noreply.github.com>
fran (No Organization) <kahun@scriabin.(none)> fran <kahun@scriabin.(none)>
gvtek (No Organization) <34262684+gvtek@users.noreply.github.com> gvtek <34262684+gvtek@users.noreply.github.com>
josh4trunks (No Organization) <joshruehlig@gmail.com> josh4trunks <joshruehlig@gmail.com>
klemens (No Organization) <ka7@github.com> klemens <ka7@github.com>
luz.paz (Unknown) <luzpaz@users.noreply.github.com> luz.paz <luzpaz@users.noreply.github.com>
mysql-builder (Oracle) <mysql-builder@oracle.com> mysql-builder@oracle.com <>
mysql-builder (Oracle) <mysql-builder@oracle.com> unknown <mysql-builder@oracle.com>
pruet (No Organization) <pruetboonma@gmail.com> pruet <pruetboonma@gmail.com>
root (No Organization) <ChengXiaoZ@189.cn> root <ChengXiaoZ@189.cn>
sensssz (No Organization) <hjmsens@gmail.com> sensssz <hjmsens@gmail.com>
twocode (Unknown) <08300720306@fudan.edu.cn> twocode <08300720306@fudan.edu.cn>
vinchen (No Organization) <vinchen13@gmail.com> vinchen <vinchen13@gmail.com>
zhzhzoo (No Organization) <zhzhzoo@gmail.com> zhzhzoo <zhzhzoo@gmail.com>
